PatientID,FirstName,LastName,Gender,DOB,Phone,Email,Address,MedicalRecordNumber,InsuranceID,Diagnosis,VisitDate,PrescribedMedications,Allergies,PrimaryCare,Notes
PT-0001,Alex,Ramsey,Male,1985-04-12,555-0101,alex.ramsey@example.com,"123 Test Ave, Testville, TX 75001",MRN10001,INS-A1001,I10 (Essential hypertension),2025-09-10,Lisinopril 10mg,Penicillin,Dr. Maya Lopez,Info on patient
PT-0002,Briana,Cole,Female,1992-11-03,555-0102,briana.cole@example.com,"45 Sample Road, Mock City, CA 90210",MRN10002,INS-A1002,"E11.9 (Type 2 diabetes mellitus, without complications)",2025-08-22,Metformin 500mg,None,Dr. Andrew Kim,Info on patient
PT-0003,Carlos,Mendez,Male,1978-02-27,555-0103,carlos.mendez@example.com,"7 Mockingbird Ln, Fakesburg, NY 10001",MRN10003,INS-A1003,"J45.909 (Unspecified asthma, uncomplicated)",2025-07-05,Albuterol inhaler (as needed),Sulfa drugs,Dr. Helen Park,Info on patient
PT-0004,Danielle,O'Neal,Female,2001-12-15,555-0104,danielle.oneal@example.com,"88 Fiction Blvd, Exampleton, FL 33101",MRN10004,INS-A1004,"F32.9 (Major depressive disorder, single episode, unspecified)",2025-10-01,Sertraline 50mg,None,Dr. Kevin Wu,Info on patient
PT-0005,Ethan,Nguyen,Male,1969-06-30,555-0105,ethan.nguyen@example.com,"250 Demo St, Sampleton, IL 60007",MRN10005,INS-A1005,M54.5 (Low back pain),2025-06-12,Ibuprofen 400mg (PRN),Aspirin,Dr. Susan Park,Info on patient
PT-0006,Fatima,Zaid,Female,1988-09-08,555-0106,fatima.zaid@example.com,"9 Example Court, Testburg, WA 98052",MRN10006,INS-A1006,K21.9 (Gastro-esophageal reflux disease without esophagitis),2025-05-03,Omeprazole 20mg,None,Dr. Omar Rahman,Info on patient
PT-0007,George,Hill,Male,2005-01-21,555-0107,george.hill@example.com,"310 Lab Pkwy, Trial City, OH 44101",MRN10007,INS-A1007,"S93.401A (Sprain of unspecified ligament of right ankle, initial encounter)",2025-04-18,"RICE recommended, acetaminophen 500mg",Latex,Dr. Rachel Green,Info on patient
PT-0008,Hannah,Ivers,Female,1999-03-11,555-0108,hannah.ivers@example.com,"77 Placeholder Rd, Demo City, CO 80014",MRN10008,INS-A1008,"N39.0 (Urinary tract infection, site not specified)",2025-03-29,Nitrofurantoin 100mg,None,Dr. Priya Singh,Info on patient
PT-0009,Isaac,Brooks,Male,1955-08-19,555-0109,isaac.brooks@example.com,"500 Mock Ave, Example City, PA 15201",MRN10009,INS-A1009,"I21.9 (Acute myocardial infarction, unspecified)",2025-02-14,"Aspirin 81mg, Atorvastatin 20mg",None,Dr. Linda Carter,Info on patient
PT-0010,Julia,Khan,Female,1974-07-07,555-0110,julia.khan@example.com,"12 Dummy Lane, Testopolis, OR 97035",MRN10010,INS-A1010,"M17.11 (Unilateral primary osteoarthritis, right knee)",2025-01-09,"Physical therapy referral, Naproxen 500mg",Codeine,Dr. Emily Stone,Info on patient
